[{"model": "contenttypes.contenttype", "pk": 1, "fields": {"app_label": "admin", "model": "logentry"}}, {"model": "contenttypes.contenttype", "pk": 2, "fields": {"app_label": "auth", "model": "permission"}}, {"model": "contenttypes.contenttype", "pk": 3, "fields": {"app_label": "auth", "model": "group"}}, {"model": "contenttypes.contenttype", "pk": 4, "fields": {"app_label": "auth", "model": "user"}}, {"model": "contenttypes.contenttype", "pk": 5, "fields": {"app_label": "contenttypes", "model": "contenttype"}}, {"model": "contenttypes.contenttype", "pk": 6, "fields": {"app_label": "sessions", "model": "session"}}, {"model": "contenttypes.contenttype", "pk": 7, "fields": {"app_label": "catalog", "model": "author"}}, {"model": "contenttypes.contenttype", "pk": 8, "fields": {"app_label": "catalog", "model": "book"}}, {"model": "contenttypes.contenttype", "pk": 9, "fields": {"app_label": "catalog", "model": "genre"}}, {"model": "contenttypes.contenttype", "pk": 10, "fields": {"app_label": "catalog", "model": "bookinstance"}}, {"model": "contenttypes.contenttype", "pk": 11, "fields": {"app_label": "catalog", "model": "language"}}, {"model": "contenttypes.contenttype", "pk": 12, "fields": {"app_label": "letsencrypt", "model": "acmechallenge"}}, {"model": "sessions.session", "pk": "0486x1bdwp6cjufrqxpp1jw5q4s1s0u9", "fields": {"session_data": "NTQ1NWQ5MTQ5YzBkOTI2ZTc1NTU4MmQ5YjYxYWYwNTc5MTgzZTA1YTp7Il9hdXRoX3VzZXJfaWQiOiI3IiwiX2F1dGhfdXNlcl9iYWNrZW5kIjoiZGphbmdvLmNvbnRyaWIuYXV0aC5iYWNrZW5kcy5Nb2RlbEJhY2tlbmQiLCJfYXV0aF91c2VyX2hhc2giOiJlNjgzMmEzMzRjNzFlZDUyZTMzMWU5NjVmMDk3Y2JjOWJiMTdhNjZlIiwibnVtX3Zpc2l0cyI6NX0=", "expire_date": "2019-08-11T13:16:03.759Z"}}, {"model": "sessions.session", "pk": "cwifl3iumayb6y7yi91o486nk5ipeyma", "fields": {"session_data": "ZTJlZjYwYzkxNWVhZjE2MjdkMzNjOWUyMTcxZTRmMDc2YjQ1MDhhODp7Il9hdXRoX3VzZXJfaWQiOiIxIiwiX2F1dGhfdXNlcl9iYWNrZW5kIjoiZGphbmdvLmNvbnRyaWIuYXV0aC5iYWNrZW5kcy5Nb2RlbEJhY2tlbmQiLCJfYXV0aF91c2VyX2hhc2giOiIyMDc5MDk3N2ZkNzJiMzdjNmExYjZkNWJlN2U4NzRjM2ExYjkxOGY4IiwibnVtX3Zpc2l0cyI6MTR9", "expire_date": "2019-08-14T08:41:03.352Z"}}, {"model": "sessions.session", "pk": "k3t6o1i97hx58rih7vcvpk1avlhab0oo", "fields": {"session_data": "ZWE2NDY1MDZmZDU4MTE2ZDc0YzY1ZGEzZGFlMDM2ZjlmN2FlMWMyYjp7Im51bV92aXNpdHMiOjMsIl9hdXRoX3VzZXJfaWQiOiIxIiwiX2F1dGhfdXNlcl9iYWNrZW5kIjoiZGphbmdvLmNvbnRyaWIuYXV0aC5iYWNrZW5kcy5Nb2RlbEJhY2tlbmQiLCJfYXV0aF91c2VyX2hhc2giOiIyMDc5MDk3N2ZkNzJiMzdjNmExYjZkNWJlN2U4NzRjM2ExYjkxOGY4In0=", "expire_date": "2019-08-14T06:41:53.521Z"}}, {"model": "sessions.session", "pk": "vn54svmgsrr7petwu0vi1nf6mm0x2mj6", "fields": {"session_data": "MDQ2OTQxMGMyZjEzNGY0MjM1NTUyZjc0ZWMzNWZiZGNjOTg3ZGIzMTp7Im51bV92aXNpdHMiOjV9", "expire_date": "2019-08-14T12:51:31.019Z"}}, {"model": "catalog.genre", "pk": 1, "fields": {"name": "Military strategy"}}, {"model": "catalog.genre", "pk": 2, "fields": {"name": "Non-fiction"}}, {"model": "catalog.genre", "pk": 4, "fields": {"name": "Fiction"}}, {"model": "catalog.genre", "pk": 5, "fields": {"name": "Philosophical fiction"}}, {"model": "catalog.language", "pk": 1, "fields": {"name": "Chinese"}}, {"model": "catalog.language", "pk": 2, "fields": {"name": "English"}}, {"model": "catalog.language", "pk": 3, "fields": {"name": "Russian"}}, {"model": "catalog.book", "pk": 1, "fields": {"title": "The Art of War", "author": 2, "summary": "The art of war", "isbn": "9780698184541", "language": 1, "genre": [1]}}, {"model": "catalog.book", "pk": 2, "fields": {"title": "The 48 Laws of Power", "author": 1, "summary": "48 laws of power", "isbn": "9785521005567", "language": 2, "genre": [2]}}, {"model": "catalog.book", "pk": 3, "fields": {"title": "The Laws of Human Nature", "author": 1, "summary": "Laws of human nature", "isbn": "9781590302255", "language": 2, "genre": [2]}}, {"model": "catalog.book", "pk": 4, "fields": {"title": "The Jaunt", "author": 5, "summary": "The jaunt", "isbn": "9780733614972", "language": 2, "genre": [4]}}, {"model": "catalog.book", "pk": 5, "fields": {"title": "Why Nations Fail", "author": 4, "summary": "Why nations fail", "isbn": "487348238283", "language": 2, "genre": [2]}}, {"model": "catalog.book", "pk": 6, "fields": {"title": "The Brothers Karamazov", "author": 3, "summary": "The brothers karamazov", "isbn": "9788897572657", "language": 3, "genre": [5]}}, {"model": "catalog.book", "pk": 7, "fields": {"title": "The Idiot", "author": 3, "summary": "the idiot", "isbn": "487348238283", "language": 3, "genre": [5]}}, {"model": "catalog.author", "pk": 1, "fields": {"first_name": "Robert", "last_name": "Greene", "date_of_birth": null, "date_of_death": null}}, {"model": "catalog.author", "pk": 2, "fields": {"first_name": "Sun", "last_name": "Tzu", "date_of_birth": null, "date_of_death": null}}, {"model": "catalog.author", "pk": 3, "fields": {"first_name": "Fyodor", "last_name": "Dostoyevsky", "date_of_birth": null, "date_of_death": null}}, {"model": "catalog.author", "pk": 4, "fields": {"first_name": "Daron", "last_name": "Acemoglu", "date_of_birth": null, "date_of_death": null}}, {"model": "catalog.author", "pk": 5, "fields": {"first_name": "Stephen", "last_name": "King", "date_of_birth": null, "date_of_death": null}}, {"model": "catalog.author", "pk": 6, "fields": {"first_name": "David", "last_name": "Baldacci", "date_of_birth": null, "date_of_death": null}}, {"model": "catalog.author", "pk": 7, "fields": {"first_name": "Jason", "last_name": "Statham", "date_of_birth": null, "date_of_death": null}}, {"model": "auth.permission", "pk": 1, "fields": {"name": "Can add log entry", "content_type": 1, "codename": "add_logentry"}}, {"model": "auth.permission", "pk": 2, "fields": {"name": "Can change log entry", "content_type": 1, "codename": "change_logentry"}}, {"model": "auth.permission", "pk": 3, "fields": {"name": "Can delete log entry", "content_type": 1, "codename": "delete_logentry"}}, {"model": "auth.permission", "pk": 4, "fields": {"name": "Can view log entry", "content_type": 1, "codename": "view_logentry"}}, {"model": "auth.permission", "pk": 5, "fields": {"name": "Can add permission", "content_type": 2, "codename": "add_permission"}}, {"model": "auth.permission", "pk": 6, "fields": {"name": "Can change permission", "content_type": 2, "codename": "change_permission"}}, {"model": "auth.permission", "pk": 7, "fields": {"name": "Can delete permission", "content_type": 2, "codename": "delete_permission"}}, {"model": "auth.permission", "pk": 8, "fields": {"name": "Can view permission", "content_type": 2, "codename": "view_permission"}}, {"model": "auth.permission", "pk": 9, "fields": {"name": "Can add group", "content_type": 3, "codename": "add_group"}}, {"model": "auth.permission", "pk": 10, "fields": {"name": "Can change group", "content_type": 3, "codename": "change_group"}}, {"model": "auth.permission", "pk": 11, "fields": {"name": "Can delete group", "content_type": 3, "codename": "delete_group"}}, {"model": "auth.permission", "pk": 12, "fields": {"name": "Can view group", "content_type": 3, "codename": "view_group"}}, {"model": "auth.permission", "pk": 13, "fields": {"name": "Can add user", "content_type": 4, "codename": "add_user"}}, {"model": "auth.permission", "pk": 14, "fields": {"name": "Can change user", "content_type": 4, "codename": "change_user"}}, {"model": "auth.permission", "pk": 15, "fields": {"name": "Can delete user", "content_type": 4, "codename": "delete_user"}}, {"model": "auth.permission", "pk": 16, "fields": {"name": "Can view user", "content_type": 4, "codename": "view_user"}}, {"model": "auth.permission", "pk": 17, "fields": {"name": "Can add content type", "content_type": 5, "codename": "add_contenttype"}}, {"model": "auth.permission", "pk": 18, "fields": {"name": "Can change content type", "content_type": 5, "codename": "change_contenttype"}}, {"model": "auth.permission", "pk": 19, "fields": {"name": "Can delete content type", "content_type": 5, "codename": "delete_contenttype"}}, {"model": "auth.permission", "pk": 20, "fields": {"name": "Can view content type", "content_type": 5, "codename": "view_contenttype"}}, {"model": "auth.permission", "pk": 21, "fields": {"name": "Can add session", "content_type": 6, "codename": "add_session"}}, {"model": "auth.permission", "pk": 22, "fields": {"name": "Can change session", "content_type": 6, "codename": "change_session"}}, {"model": "auth.permission", "pk": 23, "fields": {"name": "Can delete session", "content_type": 6, "codename": "delete_session"}}, {"model": "auth.permission", "pk": 24, "fields": {"name": "Can view session", "content_type": 6, "codename": "view_session"}}, {"model": "auth.permission", "pk": 25, "fields": {"name": "Can add author", "content_type": 7, "codename": "add_author"}}, {"model": "auth.permission", "pk": 26, "fields": {"name": "Can change author", "content_type": 7, "codename": "change_author"}}, {"model": "auth.permission", "pk": 27, "fields": {"name": "Can delete author", "content_type": 7, "codename": "delete_author"}}, {"model": "auth.permission", "pk": 28, "fields": {"name": "Can view author", "content_type": 7, "codename": "view_author"}}, {"model": "auth.permission", "pk": 29, "fields": {"name": "Can add book", "content_type": 8, "codename": "add_book"}}, {"model": "auth.permission", "pk": 30, "fields": {"name": "Can change book", "content_type": 8, "codename": "change_book"}}, {"model": "auth.permission", "pk": 31, "fields": {"name": "Can delete book", "content_type": 8, "codename": "delete_book"}}, {"model": "auth.permission", "pk": 32, "fields": {"name": "Can view book", "content_type": 8, "codename": "view_book"}}, {"model": "auth.permission", "pk": 33, "fields": {"name": "Can add genre", "content_type": 9, "codename": "add_genre"}}, {"model": "auth.permission", "pk": 34, "fields": {"name": "Can change genre", "content_type": 9, "codename": "change_genre"}}, {"model": "auth.permission", "pk": 35, "fields": {"name": "Can delete genre", "content_type": 9, "codename": "delete_genre"}}, {"model": "auth.permission", "pk": 36, "fields": {"name": "Can view genre", "content_type": 9, "codename": "view_genre"}}, {"model": "auth.permission", "pk": 37, "fields": {"name": "Can add book instance", "content_type": 10, "codename": "add_bookinstance"}}, {"model": "auth.permission", "pk": 38, "fields": {"name": "Can change book instance", "content_type": 10, "codename": "change_bookinstance"}}, {"model": "auth.permission", "pk": 39, "fields": {"name": "Can delete book instance", "content_type": 10, "codename": "delete_bookinstance"}}, {"model": "auth.permission", "pk": 40, "fields": {"name": "Can view book instance", "content_type": 10, "codename": "view_bookinstance"}}, {"model": "auth.permission", "pk": 41, "fields": {"name": "Set book as returned", "content_type": 10, "codename": "can_mark_returned"}}, {"model": "auth.permission", "pk": 42, "fields": {"name": "Can add language", "content_type": 11, "codename": "add_language"}}, {"model": "auth.permission", "pk": 43, "fields": {"name": "Can change language", "content_type": 11, "codename": "change_language"}}, {"model": "auth.permission", "pk": 44, "fields": {"name": "Can delete language", "content_type": 11, "codename": "delete_language"}}, {"model": "auth.permission", "pk": 45, "fields": {"name": "Can view language", "content_type": 11, "codename": "view_language"}}, {"model": "auth.permission", "pk": 46, "fields": {"name": "Can add ACME Challenge", "content_type": 12, "codename": "add_acmechallenge"}}, {"model": "auth.permission", "pk": 47, "fields": {"name": "Can change ACME Challenge", "content_type": 12, "codename": "change_acmechallenge"}}, {"model": "auth.permission", "pk": 48, "fields": {"name": "Can delete ACME Challenge", "content_type": 12, "codename": "delete_acmechallenge"}}, {"model": "auth.permission", "pk": 49, "fields": {"name": "Can view ACME Challenge", "content_type": 12, "codename": "view_acmechallenge"}}, {"model": "auth.user", "pk": 1, "fields": {"password": "pbkdf2_sha256$150000$jVXdRvIZPG1C$MPtgp3aIOqe2KpXKYT0B3aGrnFI/bN5TXBfb2Hu+Alk=", "last_login": "2019-07-31T06:41:53.417Z", "is_superuser": true, "username": "jesse", "first_name": "", "last_name": "", "email": "jesse@jesse.com", "is_staff": true, "is_active": true, "date_joined": "2019-07-28T12:32:51.186Z", "groups": [], "user_permissions": []}}, {"model": "auth.user", "pk": 2, "fields": {"password": "pbkdf2_sha256$150000$1Xat2AAGzIo0$RYcZ8c1cYi65+nenisd31mWppLlGPWmiYhWiXpKnwCw=", "last_login": null, "is_superuser": false, "username": "Albert", "first_name": "", "last_name": "", "email": "", "is_staff": false, "is_active": true, "date_joined": "2019-07-28T12:33:53.477Z", "groups": [], "user_permissions": []}}, {"model": "auth.user", "pk": 3, "fields": {"password": "pbkdf2_sha256$150000$D0NhLLhfaBU4$vcgRZfX03PiGzd92Lrr2Ayp/XTIrVknKKHFFsOCYALY=", "last_login": null, "is_superuser": false, "username": "Sheila", "first_name": "", "last_name": "", "email": "", "is_staff": false, "is_active": true, "date_joined": "2019-07-28T12:34:29.201Z", "groups": [], "user_permissions": []}}, {"model": "auth.user", "pk": 4, "fields": {"password": "pbkdf2_sha256$150000$2VswopMoZaLh$1etrn2a9bl5IyPohgBjlEFU64n+NfLqpezK/roZ+J/k=", "last_login": null, "is_superuser": true, "username": "kevin", "first_name": "", "last_name": "", "email": "kevin@kevin.com", "is_staff": true, "is_active": true, "date_joined": "2019-07-28T12:35:03.796Z", "groups": [], "user_permissions": []}}, {"model": "auth.user", "pk": 5, "fields": {"password": "pbkdf2_sha256$150000$H3ABSUbXwmdo$yL44f6XBpLB71MDtu2LmKN9oEW1lIm5PWcG+pB5EONk=", "last_login": null, "is_superuser": false, "username": "jack", "first_name": "", "last_name": "", "email": "", "is_staff": false, "is_active": true, "date_joined": "2019-07-28T12:35:19.805Z", "groups": [], "user_permissions": []}}, {"model": "auth.user", "pk": 6, "fields": {"password": "pbkdf2_sha256$150000$dyFOZXdHKJ32$Q/X3Hq8AoqNBGws9sbBhCJCXEPuVp7AgzTKHsqKxnQw=", "last_login": null, "is_superuser": false, "username": "ashley", "first_name": "", "last_name": "", "email": "", "is_staff": false, "is_active": true, "date_joined": "2019-07-28T12:35:37.418Z", "groups": [], "user_permissions": []}}, {"model": "auth.user", "pk": 7, "fields": {"password": "pbkdf2_sha256$150000$uXEp5YSckpwt$ohWa0A+C+hxTG2MwTuAEYlShmiKvM8eVs/qoR+jG+ro=", "last_login": "2019-07-30T06:04:27.671Z", "is_superuser": false, "username": "aaron", "first_name": "", "last_name": "", "email": "", "is_staff": false, "is_active": true, "date_joined": "2019-07-28T12:36:16.747Z", "groups": [], "user_permissions": []}}, {"model": "auth.user", "pk": 8, "fields": {"password": "pbkdf2_sha256$150000$LvzwYpArjCNE$6MVNuThAJbaFsySUjGLp/WSrs+uqv96n+uod9bswv24=", "last_login": null, "is_superuser": false, "username": "joseph", "first_name": "", "last_name": "", "email": "", "is_staff": false, "is_active": true, "date_joined": "2019-07-30T06:04:01.957Z", "groups": [], "user_permissions": []}}, {"model": "catalog.bookinstance", "pk": "021ea1cc-15d5-4076-b8b4-4a2552077e1e", "fields": {"book": 4, "imprint": "Rest publishers.", "due_back": null, "borrower": null, "status": "a"}}, {"model": "catalog.bookinstance", "pk": "3d5900d5-ed11-476b-a455-aa10942407be", "fields": {"book": 5, "imprint": "Rest publishers.", "due_back": null, "borrower": null, "status": "a"}}, {"model": "catalog.bookinstance", "pk": "4e288ac4-ee88-45ef-bde4-5ce61e61d7c1", "fields": {"book": 1, "imprint": "Rest publishers.", "due_back": null, "borrower": null, "status": "a"}}, {"model": "catalog.bookinstance", "pk": "649eb675-0476-4f4d-9684-61de8f8073a4", "fields": {"book": 2, "imprint": "Rest publishers.", "due_back": "2019-07-31", "borrower": 2, "status": "o"}}, {"model": "catalog.bookinstance", "pk": "8f08746b-f7ed-4a8e-8331-f1dcf27c6fc9", "fields": {"book": 5, "imprint": "Ready publishers.", "due_back": "2019-08-06", "borrower": 7, "status": "o"}}, {"model": "catalog.bookinstance", "pk": "930309b4-5d63-44e7-a72d-642ae55078af", "fields": {"book": 1, "imprint": "True Publishers", "due_back": "2019-07-31", "borrower": 7, "status": "o"}}, {"model": "catalog.bookinstance", "pk": "a57ac509-7c8a-4276-a04f-18d4ed391396", "fields": {"book": 5, "imprint": "Ready publishers.", "due_back": null, "borrower": null, "status": "a"}}, {"model": "catalog.bookinstance", "pk": "bedb2e09-9b5d-4a9a-9453-beb0a3b068b7", "fields": {"book": 5, "imprint": "Rest publishers.", "due_back": "2019-07-31", "borrower": 5, "status": "o"}}, {"model": "catalog.bookinstance", "pk": "da01f044-a433-404b-ae62-96eb5b368e6f", "fields": {"book": 2, "imprint": "Rest publishers.", "due_back": null, "borrower": null, "status": "a"}}, {"model": "catalog.bookinstance", "pk": "e0ea0022-660a-4bcb-a57e-b485180da65c", "fields": {"book": 5, "imprint": "Rest publishers.", "due_back": "2019-07-31", "borrower": 6, "status": "o"}}, {"model": "catalog.bookinstance", "pk": "e2f2c424-151f-47ae-a1b3-77f4b10cc4a8", "fields": {"book": 2, "imprint": "Ready publishers.", "due_back": null, "borrower": null, "status": "a"}}, {"model": "catalog.bookinstance", "pk": "ed226df3-5311-4aa8-b524-6703b2202a13", "fields": {"book": 1, "imprint": "Ready publishers.", "due_back": "2019-07-31", "borrower": 3, "status": "o"}}, {"model": "catalog.bookinstance", "pk": "f8e0ad68-0d52-4c43-afb5-b8bce3bab425", "fields": {"book": 7, "imprint": "Rest publishers.", "due_back": null, "borrower": null, "status": "a"}}, {"model": "admin.logentry", "pk": 1, "fields": {"action_time": "2019-07-28T12:33:53.622Z", "user": 1, "content_type": 4, "object_id": "2", "object_repr": "Albert", "action_flag": 1, "change_message": "[{\"added\": {}}]"}}, {"model": "admin.logentry", "pk": 2, "fields": {"action_time": "2019-07-28T12:34:29.344Z", "user": 1, "content_type": 4, "object_id": "3", "object_repr": "Sheila", "action_flag": 1, "change_message": "[{\"added\": {}}]"}}, {"model": "admin.logentry", "pk": 3, "fields": {"action_time": "2019-07-28T12:35:19.949Z", "user": 1, "content_type": 4, "object_id": "5", "object_repr": "jack", "action_flag": 1, "change_message": "[{\"added\": {}}]"}}, {"model": "admin.logentry", "pk": 4, "fields": {"action_time": "2019-07-28T12:35:37.564Z", "user": 1, "content_type": 4, "object_id": "6", "object_repr": "ashley", "action_flag": 1, "change_message": "[{\"added\": {}}]"}}, {"model": "admin.logentry", "pk": 5, "fields": {"action_time": "2019-07-28T12:36:16.901Z", "user": 1, "content_type": 4, "object_id": "7", "object_repr": "aaron", "action_flag": 1, "change_message": "[{\"added\": {}}]"}}, {"model": "admin.logentry", "pk": 6, "fields": {"action_time": "2019-07-28T12:36:58.370Z", "user": 1, "content_type": 7, "object_id": "1", "object_repr": "Greene, Robert", "action_flag": 1, "change_message": "[{\"added\": {}}]"}}, {"model": "admin.logentry", "pk": 7, "fields": {"action_time": "2019-07-28T12:37:03.969Z", "user": 1, "content_type": 7, "object_id": "2", "object_repr": "Tzu, Sun", "action_flag": 1, "change_message": "[{\"added\": {}}]"}}, {"model": "admin.logentry", "pk": 8, "fields": {"action_time": "2019-07-28T12:37:10.014Z", "user": 1, "content_type": 7, "object_id": "3", "object_repr": "Dostoyevsky, Fyodor", "action_flag": 1, "change_message": "[{\"added\": {}}]"}}, {"model": "admin.logentry", "pk": 9, "fields": {"action_time": "2019-07-28T12:37:20.484Z", "user": 1, "content_type": 7, "object_id": "4", "object_repr": "Acemoglu, Daron", "action_flag": 1, "change_message": "[{\"added\": {}}]"}}, {"model": "admin.logentry", "pk": 10, "fields": {"action_time": "2019-07-28T12:37:26.920Z", "user": 1, "content_type": 7, "object_id": "5", "object_repr": "King, Stephen", "action_flag": 1, "change_message": "[{\"added\": {}}]"}}, {"model": "admin.logentry", "pk": 11, "fields": {"action_time": "2019-07-28T12:37:54.376Z", "user": 1, "content_type": 7, "object_id": "6", "object_repr": "Baldacci, David", "action_flag": 1, "change_message": "[{\"added\": {}}]"}}, {"model": "admin.logentry", "pk": 12, "fields": {"action_time": "2019-07-28T12:39:13.178Z", "user": 1, "content_type": 9, "object_id": "1", "object_repr": "Military strategy", "action_flag": 1, "change_message": "[{\"added\": {}}]"}}, {"model": "admin.logentry", "pk": 13, "fields": {"action_time": "2019-07-28T12:39:22.891Z", "user": 1, "content_type": 11, "object_id": "1", "object_repr": "Chinese", "action_flag": 1, "change_message": "[{\"added\": {}}]"}}, {"model": "admin.logentry", "pk": 14, "fields": {"action_time": "2019-07-28T12:40:08.398Z", "user": 1, "content_type": 8, "object_id": "1", "object_repr": "The Art of War", "action_flag": 1, "change_message": "[{\"added\": {}}, {\"added\": {\"name\": \"book instance\", \"object\": \"930309b4-5d63-44e7-a72d-642ae55078af (The Art of War)\"}}]"}}, {"model": "admin.logentry", "pk": 15, "fields": {"action_time": "2019-07-28T12:40:55.256Z", "user": 1, "content_type": 9, "object_id": "2", "object_repr": "Non-fiction", "action_flag": 1, "change_message": "[{\"added\": {}}]"}}, {"model": "admin.logentry", "pk": 16, "fields": {"action_time": "2019-07-28T12:41:06.263Z", "user": 1, "content_type": 11, "object_id": "2", "object_repr": "English", "action_flag": 1, "change_message": "[{\"added\": {}}]"}}, {"model": "admin.logentry", "pk": 17, "fields": {"action_time": "2019-07-28T12:41:09.527Z", "user": 1, "content_type": 8, "object_id": "2", "object_repr": "The 48 Laws of Power", "action_flag": 1, "change_message": "[{\"added\": {}}]"}}, {"model": "admin.logentry", "pk": 18, "fields": {"action_time": "2019-07-28T12:41:36.686Z", "user": 1, "content_type": 9, "object_id": "3", "object_repr": "Non-fiction", "action_flag": 1, "change_message": "[{\"added\": {}}]"}}, {"model": "admin.logentry", "pk": 19, "fields": {"action_time": "2019-07-28T12:41:42.985Z", "user": 1, "content_type": 8, "object_id": "3", "object_repr": "The Laws of Human Nature", "action_flag": 1, "change_message": "[{\"added\": {}}]"}}, {"model": "admin.logentry", "pk": 20, "fields": {"action_time": "2019-07-28T12:42:25.942Z", "user": 1, "content_type": 9, "object_id": "4", "object_repr": "Fiction", "action_flag": 1, "change_message": "[{\"added\": {}}]"}}, {"model": "admin.logentry", "pk": 21, "fields": {"action_time": "2019-07-28T12:42:32.662Z", "user": 1, "content_type": 8, "object_id": "4", "object_repr": "The Jaunt", "action_flag": 1, "change_message": "[{\"added\": {}}]"}}, {"model": "admin.logentry", "pk": 22, "fields": {"action_time": "2019-07-28T12:42:44.464Z", "user": 1, "content_type": 9, "object_id": "3", "object_repr": "Non-fiction", "action_flag": 3, "change_message": ""}}, {"model": "admin.logentry", "pk": 23, "fields": {"action_time": "2019-07-28T12:43:33.359Z", "user": 1, "content_type": 8, "object_id": "3", "object_repr": "The Laws of Human Nature", "action_flag": 2, "change_message": "[{\"changed\": {\"fields\": [\"genre\"]}}]"}}, {"model": "admin.logentry", "pk": 24, "fields": {"action_time": "2019-07-28T12:47:37.551Z", "user": 1, "content_type": 8, "object_id": "5", "object_repr": "Why Nations Fail", "action_flag": 1, "change_message": "[{\"added\": {}}]"}}, {"model": "admin.logentry", "pk": 25, "fields": {"action_time": "2019-07-28T12:48:53.181Z", "user": 1, "content_type": 9, "object_id": "5", "object_repr": "Philosophical fiction", "action_flag": 1, "change_message": "[{\"added\": {}}]"}}, {"model": "admin.logentry", "pk": 26, "fields": {"action_time": "2019-07-28T12:49:37.742Z", "user": 1, "content_type": 11, "object_id": "3", "object_repr": "Russian", "action_flag": 1, "change_message": "[{\"added\": {}}]"}}, {"model": "admin.logentry", "pk": 27, "fields": {"action_time": "2019-07-28T12:49:41.840Z", "user": 1, "content_type": 8, "object_id": "6", "object_repr": "The Brothers Karamazov", "action_flag": 1, "change_message": "[{\"added\": {}}]"}}, {"model": "admin.logentry", "pk": 28, "fields": {"action_time": "2019-07-28T12:51:04.561Z", "user": 1, "content_type": 8, "object_id": "7", "object_repr": "The Idiot", "action_flag": 1, "change_message": "[{\"added\": {}}]"}}, {"model": "admin.logentry", "pk": 29, "fields": {"action_time": "2019-07-28T12:59:28.322Z", "user": 1, "content_type": 10, "object_id": "f1e29b52-6c25-4471-9cb4-da0b4ca388a1", "object_repr": "f1e29b52-6c25-4471-9cb4-da0b4ca388a1 (The 48 Laws of Power)", "action_flag": 1, "change_message": "[{\"added\": {}}]"}}, {"model": "admin.logentry", "pk": 30, "fields": {"action_time": "2019-07-28T12:59:49.204Z", "user": 1, "content_type": 10, "object_id": "8f08746b-f7ed-4a8e-8331-f1dcf27c6fc9", "object_repr": "8f08746b-f7ed-4a8e-8331-f1dcf27c6fc9 (Why Nations Fail)", "action_flag": 1, "change_message": "[{\"added\": {}}]"}}, {"model": "admin.logentry", "pk": 31, "fields": {"action_time": "2019-07-28T13:00:08.706Z", "user": 1, "content_type": 10, "object_id": "18fb93e8-47f4-48a8-97d8-21bfe1a0c70e", "object_repr": "18fb93e8-47f4-48a8-97d8-21bfe1a0c70e (The Idiot)", "action_flag": 1, "change_message": "[{\"added\": {}}]"}}, {"model": "admin.logentry", "pk": 32, "fields": {"action_time": "2019-07-28T13:00:21.258Z", "user": 1, "content_type": 10, "object_id": "8c947e6c-821e-4877-aebf-40822f0aa1ce", "object_repr": "8c947e6c-821e-4877-aebf-40822f0aa1ce (The Brothers Karamazov)", "action_flag": 1, "change_message": "[{\"added\": {}}]"}}, {"model": "admin.logentry", "pk": 33, "fields": {"action_time": "2019-07-28T13:00:34.058Z", "user": 1, "content_type": 10, "object_id": "e2f2c424-151f-47ae-a1b3-77f4b10cc4a8", "object_repr": "e2f2c424-151f-47ae-a1b3-77f4b10cc4a8 (The 48 Laws of Power)", "action_flag": 1, "change_message": "[{\"added\": {}}]"}}, {"model": "admin.logentry", "pk": 34, "fields": {"action_time": "2019-07-28T13:00:44.056Z", "user": 1, "content_type": 10, "object_id": "021ea1cc-15d5-4076-b8b4-4a2552077e1e", "object_repr": "021ea1cc-15d5-4076-b8b4-4a2552077e1e (The Jaunt)", "action_flag": 1, "change_message": "[{\"added\": {}}]"}}, {"model": "admin.logentry", "pk": 35, "fields": {"action_time": "2019-07-28T13:01:01.129Z", "user": 1, "content_type": 10, "object_id": "ed226df3-5311-4aa8-b524-6703b2202a13", "object_repr": "ed226df3-5311-4aa8-b524-6703b2202a13 (The Art of War)", "action_flag": 1, "change_message": "[{\"added\": {}}]"}}, {"model": "admin.logentry", "pk": 36, "fields": {"action_time": "2019-07-28T13:01:29.149Z", "user": 1, "content_type": 10, "object_id": "18fb93e8-47f4-48a8-97d8-21bfe1a0c70e", "object_repr": "18fb93e8-47f4-48a8-97d8-21bfe1a0c70e (The Idiot)", "action_flag": 3, "change_message": ""}}, {"model": "admin.logentry", "pk": 37, "fields": {"action_time": "2019-07-28T13:01:29.295Z", "user": 1, "content_type": 10, "object_id": "f1e29b52-6c25-4471-9cb4-da0b4ca388a1", "object_repr": "f1e29b52-6c25-4471-9cb4-da0b4ca388a1 (The 48 Laws of Power)", "action_flag": 3, "change_message": ""}}, {"model": "admin.logentry", "pk": 38, "fields": {"action_time": "2019-07-28T13:01:40.212Z", "user": 1, "content_type": 10, "object_id": "8c947e6c-821e-4877-aebf-40822f0aa1ce", "object_repr": "8c947e6c-821e-4877-aebf-40822f0aa1ce (The Brothers Karamazov)", "action_flag": 3, "change_message": ""}}, {"model": "admin.logentry", "pk": 39, "fields": {"action_time": "2019-07-28T13:02:04.720Z", "user": 1, "content_type": 10, "object_id": "e0ea0022-660a-4bcb-a57e-b485180da65c", "object_repr": "e0ea0022-660a-4bcb-a57e-b485180da65c (Why Nations Fail)", "action_flag": 1, "change_message": "[{\"added\": {}}]"}}, {"model": "admin.logentry", "pk": 40, "fields": {"action_time": "2019-07-28T13:02:20.059Z", "user": 1, "content_type": 10, "object_id": "649eb675-0476-4f4d-9684-61de8f8073a4", "object_repr": "649eb675-0476-4f4d-9684-61de8f8073a4 (The 48 Laws of Power)", "action_flag": 1, "change_message": "[{\"added\": {}}]"}}, {"model": "admin.logentry", "pk": 41, "fields": {"action_time": "2019-07-28T13:02:32.132Z", "user": 1, "content_type": 10, "object_id": "bedb2e09-9b5d-4a9a-9453-beb0a3b068b7", "object_repr": "bedb2e09-9b5d-4a9a-9453-beb0a3b068b7 (Why Nations Fail)", "action_flag": 1, "change_message": "[{\"added\": {}}]"}}, {"model": "admin.logentry", "pk": 42, "fields": {"action_time": "2019-07-28T13:03:03.930Z", "user": 1, "content_type": 10, "object_id": "4e288ac4-ee88-45ef-bde4-5ce61e61d7c1", "object_repr": "4e288ac4-ee88-45ef-bde4-5ce61e61d7c1 (The Art of War)", "action_flag": 1, "change_message": "[{\"added\": {}}]"}}, {"model": "admin.logentry", "pk": 43, "fields": {"action_time": "2019-07-28T13:03:11.385Z", "user": 1, "content_type": 10, "object_id": "da01f044-a433-404b-ae62-96eb5b368e6f", "object_repr": "da01f044-a433-404b-ae62-96eb5b368e6f (The 48 Laws of Power)", "action_flag": 1, "change_message": "[{\"added\": {}}]"}}, {"model": "admin.logentry", "pk": 44, "fields": {"action_time": "2019-07-28T13:03:19.122Z", "user": 1, "content_type": 10, "object_id": "f8e0ad68-0d52-4c43-afb5-b8bce3bab425", "object_repr": "f8e0ad68-0d52-4c43-afb5-b8bce3bab425 (The Idiot)", "action_flag": 1, "change_message": "[{\"added\": {}}]"}}, {"model": "admin.logentry", "pk": 45, "fields": {"action_time": "2019-07-28T13:03:26.577Z", "user": 1, "content_type": 10, "object_id": "3d5900d5-ed11-476b-a455-aa10942407be", "object_repr": "3d5900d5-ed11-476b-a455-aa10942407be (Why Nations Fail)", "action_flag": 1, "change_message": "[{\"added\": {}}]"}}, {"model": "admin.logentry", "pk": 46, "fields": {"action_time": "2019-07-28T13:03:36.448Z", "user": 1, "content_type": 10, "object_id": "a57ac509-7c8a-4276-a04f-18d4ed391396", "object_repr": "a57ac509-7c8a-4276-a04f-18d4ed391396 (Why Nations Fail)", "action_flag": 1, "change_message": "[{\"added\": {}}]"}}, {"model": "admin.logentry", "pk": 47, "fields": {"action_time": "2019-07-30T06:04:02.103Z", "user": 1, "content_type": 4, "object_id": "8", "object_repr": "joseph", "action_flag": 1, "change_message": "[{\"added\": {}}]"}}]